[{"cedula":"0704963099","edad":23,"fechaInscripcion":"2023-12-25","activo":true,"asignaturas":[{"nombre":"Lengua","codigo":"l1","horario":"Lunes 9-10","creditos":5.0,"profesor":"Maria"},{"nombre":"Quimica","codigo":"q1","horario":"Viernes 10-13","creditos":4.5,"profesor":"Elsa"},{"nombre":"Probabilidad","codigo":"p1","horario":"Martes 15-17","creditos":5.0,"profesor":"Juan"},{"nombre":"Historia","codigo":"h1","horario":"Lunes 13-15","creditos":3.5,"profesor":"Dario"},{"nombre":"Lengua","codigo":"l1","horario":"Lunes 9-10","creditos":5.0,"profesor":"Maria"},{"nombre":"Quimica","codigo":"q1","horario":"Viernes 10-13","creditos":4.5,"profesor":"Elsa"},{"nombre":"Probabilidad","codigo":"p1","horario":"Martes 15-17","creditos":5.0,"profesor":"Juan"},{"nombre":"Calculo","codigo":"c1","horario":"Martes 18-20","creditos":6.5,"profesor":"Andres"}]},{"cedula":"0704963098","edad":24,"fechaInscripcion":"2023-12-26","activo":true,"asignaturas":[{"nombre":"Quimica","codigo":"q1","horario":"Viernes 10-13","creditos":4.5,"profesor":"Elsa"}]},{"cedula":"0704963097","edad":25,"fechaInscripcion":"2023-12-25","activo":true,"asignaturas":[{"nombre":"Calculo","codigo":"c1","horario":"Martes 18-20","creditos":6.5,"profesor":"Andres"}]}]